linkage,silhouette,davies_bouldin
average,0.2830460604457145,0.8431008381503844
ward,0.23658234058513897,1.2799040025468753
complete,0.20900322176059086,1.2714427735822937
