k,inertia,silhouette
10,4093.351992588504,0.2501414471114682
20,3069.906961855022,0.2033029198518461
